BEN,Billed Entity Name,City,State,Applicant Type,C2 Budget Cycle,Child Entity Count,Library Square Footage,Library Multiplier,C2 Budget,C2 Budget Version,Funded C2 Budget Amount,Pending C2 Budget Amount,Available C2 Budget Amount
132906,MILWAUKEE PUBLIC LIBRARY,MILWAUKEE,WI,Library System,FY2021-2025,13,"651,808",$4.50,"$2,906,608.50",Confirmed,"$775,845.43",$0.00,"$2,130,763.07"
157900,KENOSHA PUBLIC LIBRARY,KENOSHA,WI,Library System,FY2021-2025,7,"80,018",$4.50,"$366,752.50",Confirmed,"$170,173.51",$0.00,"$196,578.99"
145824,LA CROSSE PUBLIC LIBRARY MAIN,LA CROSSE,WI,Library,FY2021-2025,0,"74,500",$4.50,"$335,250.00",Confirmed,"$107,530.88",$0.00,"$227,719.12"
133016,MADISON PUBLIC LIBRARY,MADISON,WI,Library System,FY2021-2025,9,"207,164",$4.50,"$946,888.00",Confirmed,"$41,185.62",$0.00,"$905,702.38"
132986,OREGON PUBLIC LIBRARY,OREGON,WI,Library,FY2021-2025,0,"31,257",$4.50,"$47,250.00",Confirmed,"$19,990.48",$0.00,"$27,259.52"
133255,MCMILLAN MEMORIAL LIBRARY,WISCONSIN RAPIDS,WI,Library,FY2021-2025,0,"40,000",$4.50,"$180,000.00",Confirmed,"$7,399.22",$0.00,"$172,600.78"
133022,MONONA PUBLIC LIBRARY,MADISON,WI,Library,FY2021-2025,0,"27,476",$4.50,"$123,642.00",Confirmed,"$6,466.46",$0.00,"$117,175.54"
17035827,COMMUNITY LIBRARY,SALEM,WI,Library System,FY2021-2025,2,"20,500",$4.50,"$92,250.00",Confirmed,"$5,734.34",$0.00,"$86,515.66"
133244,PORTAGE COUNTY PUBLIC LIBRARY,STEVENS POINT,WI,Library System,FY2021-2025,4,"53,512",$4.50,"$277,500.00",Confirmed,"$4,515.34",$0.00,"$272,984.66"
132961,LODI WOMAN'S CLUB PUBLIC LIB,LODI,WI,Library,FY2021-2025,0,"7,300",$4.50,"$32,850.00",Confirmed,"$3,652.01",$0.00,"$29,197.99"
133004,STOUGHTON FREE PUBLIC LIBRARY,STOUGHTON,WI,Library,FY2021-2025,0,"16,000",$4.50,"$72,000.00",Confirmed,"$3,209.39",$0.00,"$68,790.61"
132918,BELLEVILLE PUBLIC LIBRARY,BELLEVILLE,WI,Library,FY2021-2025,0,"4,600",$4.50,"$25,000.00",Confirmed,"$3,126.53",$0.00,"$21,873.47"
132995,GEORGE CULVER COMMUNITY LIBRARY,SAUK CITY,WI,Library,FY2021-2025,0,"9,600",$4.50,"$43,200.00",Confirmed,"$2,960.47",$0.00,"$40,239.53"
209200,POYNETTE PUBLIC LIBRARY,POYNETTE,WI,Library,FY2021-2025,0,"5,000",$4.50,"$25,000.00",Confirmed,"$2,076.06",$0.00,"$22,923.94"
132984,NEW GLARUS PUBLIC LIBRARY,NEW GLARUS,WI,Library,FY2021-2025,0,"2,074",$4.50,"$25,000.00",Confirmed,"$2,044.99",$0.00,"$22,955.01"
132925,BLACK EARTH PUBLIC LIBRARY,BLACK EARTH,WI,Library,FY2021-2025,0,"2,560",$4.50,"$25,000.00",Confirmed,"$2,044.99",$0.00,"$22,955.01"
132965,MARSHALL COMMUNITY LIBRARY,MARSHALL,WI,Library,FY2021-2025,0,"9,000",$4.50,"$40,500.00",Confirmed,"$1,226.53",$0.00,"$39,273.47"
189449,E. D. LOCKE PUBLIC LIBRARY,MC FARLAND,WI,Library,FY2021-2025,0,"17,820",$4.50,"$80,190.00",Confirmed,"$1,146.48",$0.00,"$79,043.52"
155627,MONTICELLO PUBLIC LIBRARY,MONTICELLO,WI,Library,FY2021-2025,0,"2,994",$4.50,"$25,000.00",Confirmed,$711.46,$0.00,"$24,288.54"
17027558,DE SOTO PUBLIC LIBRARY,DE SOTO,WI,Library,FY2021-2025,0,"1,590",$4.50,"$25,000.00",Confirmed,$300.00,$0.00,"$24,700.00"
200986,BRUCE PUBLIC LIBRARY,BRUCE,WI,Library,FY2021-2025,0,"4,509",$4.50,"$25,000.00",Forecast,$0.00,$0.00,"$25,000.00"
168947,JEFFERSON PUBLIC LIBRARY,JEFFERSON,WI,Library,FY2021-2025,0,"12,272",$4.50,"$55,224.00",Forecast,$0.00,$0.00,"$55,224.00"
133107,GLENWOOD CITY PUBLIC LIBRARY,GLENWOOD CITY,WI,Library,FY2021-2025,0,"2,605",$4.50,"$25,000.00",Forecast,$0.00,$0.00,"$25,000.00"
133092,WAUPUN PUBLIC LIBRARY,WAUPUN,WI,Library,FY2021-2025,0,"25,647",$4.50,"$115,411.50",Forecast,$0.00,$0.00,"$115,411.50"
132932,CLINTON PUBLIC LIBRARY,CLINTON,WI,Library,FY2021-2025,0,"2,340",$4.50,"$25,000.00",Forecast,$0.00,$0.00,"$25,000.00"
62172,STEPHENSON BRANCH LIBRARY,MARINETTE,WI,Library,FY2021-2025,0,"2,600",$4.50,"$25,000.00",Forecast,$0.00,$0.00,"$25,000.00"
132945,EDGERTON PUBLIC LIBRARY,EDGERTON,WI,Library,FY2021-2025,0,"17,652",$4.50,"$79,434.00",Forecast,$0.00,$0.00,"$79,434.00"
132789,SHEBOYGAN FALLS MEM LIBRARY,SHEBOYGAN FLS,WI,Library,FY2021-2025,0,"18,600",$4.50,"$83,700.00",Forecast,$0.00,$0.00,"$83,700.00"
208650,IRON RIDGE PUBLIC LIBRARY,IRON RIDGE,WI,Library,FY2021-2025,0,"2,500",$4.50,"$25,000.00",Forecast,$0.00,$0.00,"$25,000.00"
133264,CRANDON PUBLIC LIBRARY,CRANDON,WI,Library,FY2021-2025,0,"8,000",$4.50,"$36,000.00",Forecast,$0.00,$0.00,"$36,000.00"
133067,FOX LAKE PUBLIC LIBRARY,FOX LAKE,WI,Library,FY2021-2025,0,"2,400",$4.50,"$25,000.00",Forecast,$0.00,$0.00,"$25,000.00"
133340,VIOLA PUBLIC LIBRARY,VIOLA,WI,Library,FY2021-2025,0,"4,396",$4.50,"$25,000.00",Forecast,$0.00,$0.00,"$25,000.00"
210379,CASHTON PUBLIC LIBRARY,CASHTON,WI,Library,FY2021-2025,0,"2,184",$4.50,"$25,000.00",Forecast,$0.00,$0.00,"$25,000.00"
132974,MINERAL POINT PUBLIC LIBRARY,MINERAL POINT,WI,Library,FY2021-2025,0,"10,218",$4.50,"$45,981.00",Forecast,$0.00,$0.00,"$45,981.00"
133306,ARCADIA FREE PUBLIC LIBRARY,ARCADIA,WI,Library,FY2021-2025,0,"1,419",$4.50,"$25,000.00",Forecast,$0.00,$0.00,"$25,000.00"
156023,FLORENCE COUNTY LIBRARY,FLORENCE,WI,Library,FY2021-2025,0,"5,000",$4.50,"$25,000.00",Forecast,$0.00,$0.00,"$25,000.00"
133229,NEILLSVILLE FREE LIBRARY,NEILLSVILLE,WI,Library,FY2021-2025,0,"8,264",$4.50,"$37,188.00",Forecast,$0.00,$0.00,"$37,188.00"
133198,ABBOTSFORD PUBLIC LIBRARY,ABBOTSFORD,WI,Library,FY2021-2025,0,"6,000",$4.50,"$27,000.00",Forecast,$0.00,$0.00,"$27,000.00"
133081,ANGIE WILLIAMS COX LIBRARY,PARDEEVILLE,WI,Library,FY2021-2025,0,"4,992",$4.50,"$25,000.00",Forecast,$0.00,$0.00,"$25,000.00"
156018,GREEN EARTH BRANCH LIBRARY,DE PERE,WI,Library,FY2021-2025,0,"1,822",$4.50,"$25,000.00",Forecast,$0.00,$0.00,"$25,000.00"
133078,NORTH FREEDOM PUBLIC LIBRARY,NORTH FREEDOM,WI,Library,FY2021-2025,0,"1,196",$4.50,"$25,000.00",Forecast,$0.00,$0.00,"$25,000.00"
133018,SOUTH CENTRAL LIBRARY SYSTEM,MADISON,WI,Library,FY2021-2025,0,"797,845",$4.50,"$3,590,302.50",Forecast,$0.00,$0.00,"$3,590,302.50"
133451,WINTER PUBLIC LIBRARY,WINTER,WI,Library,FY2021-2025,0,"1,200",$4.50,"$25,000.00",Forecast,$0.00,$0.00,"$25,000.00"
182341,SHERMAN AND RUTH WEISS COMMUNITY LIBRARY,HAYWARD,WI,Library,FY2021-2025,0,"14,000",$4.50,"$63,000.00",Forecast,$0.00,$0.00,"$63,000.00"
133069,LAVALLE PUBLIC LIBRARY,LA VALLE,WI,Library,FY2021-2025,0,"1,052",$4.50,"$25,000.00",Forecast,$0.00,$0.00,"$25,000.00"
132802,BIG BEND PUBLIC LIBRARY,BIG BEND,WI,Library,FY2021-2025,0,999,$4.50,"$25,000.00",Forecast,$0.00,$0.00,"$25,000.00"
132874,WAUKESHA PUBLIC LIBRARY,WAUKESHA,WI,Library,FY2021-2025,0,"71,566",$4.50,"$322,047.00",Forecast,$0.00,$0.00,"$322,047.00"
133486,NESHKORO PUBLIC LIBRARY,NESHKORO,WI,Library,FY2021-2025,0,"1,350",$4.50,"$25,000.00",Forecast,$0.00,$0.00,"$25,000.00"
133378,INDEPENDENCE PUBLIC LIBRARY,INDEPENDENCE,WI,Library,FY2021-2025,0,"2,000",$4.50,"$25,000.00",Forecast,$0.00,$0.00,"$25,000.00"
132934,COBB PUBLIC LIBRARY,COBB,WI,Library,FY2021-2025,0,"2,214",$4.50,"$25,000.00",Forecast,$0.00,$0.00,"$25,000.00"
133406,BALSAM LAKE PUBLIC LIBRARY,BALSAM LAKE,WI,Library,FY2021-2025,0,"2,044",$4.50,"$25,000.00",Forecast,$0.00,$0.00,"$25,000.00"
132827,HALES CORNERS LIBRARY,HALES CORNERS,WI,Library,FY2021-2025,0,"7,438",$4.50,"$33,471.00",Forecast,$0.00,$0.00,"$33,471.00"
158215,BREWER PUBLIC LIBRARY,RICHLAND CENTER,WI,Library,FY2021-2025,0,"20,000",$4.50,"$90,000.00",Forecast,$0.00,$0.00,"$90,000.00"
227773,GERARD H. VAN HOOF LIBRARY,LITTLE CHUTE,WI,Library,FY2021-2025,0,"14,046",$4.50,"$63,207.00",Forecast,$0.00,$0.00,"$63,207.00"
158206,HAZEL GREEN PUBLIC LIBRARY,HAZEL GREEN,WI,Library,FY2021-2025,0,"2,347",$4.50,"$25,000.00",Forecast,$0.00,$0.00,"$25,000.00"
132851,POWERS MEMORIAL LIBRARY,PALMYRA,WI,Library,FY2021-2025,0,"5,703",$4.50,"$25,663.50",Forecast,$0.00,$0.00,"$25,663.50"
133428,MADELINE ISLAND PUBLIC LIBRARY,LA POINTE,WI,Library,FY2021-2025,0,"4,500",$4.50,"$25,000.00",Forecast,$0.00,$0.00,"$25,000.00"
203756,SLINGER COMMUNITY LIBRARY,SLINGER,WI,Library,FY2021-2025,0,"7,200",$4.50,"$32,400.00",Forecast,$0.00,$0.00,"$32,400.00"
133396,THORP PUBLIC LIBRARY,THORP,WI,Library,FY2021-2025,0,"7,000",$4.50,"$31,500.00",Forecast,$0.00,$0.00,"$31,500.00"
222090,EVELYN GOLDBERG BRIGGS MEMORIAL LIBRARY,IRON RIVER,WI,Library,FY2021-2025,0,"2,304",$4.50,"$25,000.00",Forecast,$0.00,$0.00,"$25,000.00"
62102,CRIVITZ BRANCH LIBRARY,CRIVITZ,WI,Library,FY2021-2025,0,"2,400",$4.50,"$25,000.00",Forecast,$0.00,$0.00,"$25,000.00"
133454,WINNEFOX LIBRARY SYSTEM,OSHKOSH,WI,Library,FY2021-2025,0,"5,539",$4.50,"$25,000.00",Forecast,$0.00,$0.00,"$25,000.00"
133350,INDIANHEAD FEDERATED LIBRARY,EAU CLAIRE,WI,Library,FY2021-2025,0,"6,000",$4.50,"$27,000.00",Forecast,$0.00,$0.00,"$27,000.00"
132970,MILTON PUBLIC LIBRARY,MILTON,WI,Library,FY2021-2025,0,"8,000",$4.50,"$36,000.00",Forecast,$0.00,$0.00,"$36,000.00"
133204,LESTER PUBLIC LIBRARY OF ARPIN,ARPIN,WI,Library,FY2021-2025,0,"2,500",$4.50,"$25,000.00",Forecast,$0.00,$0.00,"$25,000.00"
62090,BONDUEL PUBLIC LIBRARY,BONDUEL,WI,Library,FY2021-2025,0,"2,200",$4.50,"$25,000.00",Forecast,$0.00,$0.00,"$25,000.00"
133038,SCHREINER MEMORIAL LIBRARY,LANCASTER,WI,Library,FY2021-2025,0,"9,020",$4.50,"$40,590.00",Forecast,$0.00,$0.00,"$40,590.00"
133404,NORTHERN WATERS LIBRARY SERV,ASHLAND,WI,Library,FY2021-2025,0,"4,800",$4.50,"$25,000.00",Forecast,$0.00,$0.00,"$25,000.00"
132921,JOHN TURGESON PUBLIC LIBRARY,BELMONT,WI,Library,FY2021-2025,0,"1,500",$4.50,"$25,000.00",Forecast,$0.00,$0.00,"$25,000.00"
133231,CHARLES AND JOANN LESTER LIBRARY,NEKOOSA,WI,Library,FY2021-2025,0,"8,300",$4.50,"$37,350.00",Forecast,$0.00,$0.00,"$37,350.00"
133293,EDWARD U DEMMER MEM LIBRARY,THREE LAKES,WI,Library,FY2021-2025,0,"10,000",$4.50,"$45,000.00",Forecast,$0.00,$0.00,"$45,000.00"
133248,TOMAHAWK PUBLIC LIBRARY,TOMAHAWK,WI,Library,FY2021-2025,0,"11,465",$4.50,"$51,592.50",Forecast,$0.00,$0.00,"$51,592.50"
132754,LOMIRA PUBLIC LIBRARY,LOMIRA,WI,Library,FY2021-2025,0,"6,000",$4.50,"$27,000.00",Forecast,$0.00,$0.00,"$27,000.00"
133466,COLOMA PUBLIC LIBRARY,COLOMA,WI,Library,FY2021-2025,0,"2,108",$4.50,"$25,000.00",Forecast,$0.00,$0.00,"$25,000.00"
133055,BEAVER DAM COMMUNITY LIBRARY,BEAVER DAM,WI,Library,FY2021-2025,0,"26,000",$4.50,"$117,000.00",Forecast,$0.00,$0.00,"$117,000.00"
62628,TIGERTON BRANCH LIBRARY,TIGERTON,WI,Library,FY2021-2025,0,"1,200",$4.50,"$25,000.00",Forecast,$0.00,$0.00,"$25,000.00"
133347,WILTON PUBLIC LIBRARY,WILTON,WI,Library,FY2021-2025,0,"2,200",$4.50,"$25,000.00",Forecast,$0.00,$0.00,"$25,000.00"
132924,BELOIT PUBLIC LIBRARY,BELOIT,WI,Library,FY2021-2025,0,"55,000",$4.50,"$247,500.00",Forecast,$0.00,$0.00,"$247,500.00"
62491,ELTON BRANCH LIBRARY,ELTON,WI,Library,FY2021-2025,0,144,$4.50,"$25,000.00",Forecast,$0.00,$0.00,"$25,000.00"
132752,KOHLER PUBLIC LIBRARY,KOHLER,WI,Library,FY2021-2025,0,"8,837",$4.50,"$39,766.50",Forecast,$0.00,$0.00,"$39,766.50"
150156,FREDERIC PUBLIC LIBRARY,FREDERIC,WI,Library,FY2021-2025,0,"6,183",$4.50,"$27,823.50",Forecast,$0.00,$0.00,"$27,823.50"
16064600,FITCHBURG PUBLIC LIBRARY,FITCHBURG,WI,Library,FY2021-2025,0,"38,000",$4.50,"$171,000.00",Forecast,$0.00,$0.00,"$171,000.00"
132771,OCONOMOWOC PUBLIC LIBRARY,OCONOMOWOC,WI,Library,FY2021-2025,0,"24,000",$4.50,"$108,000.00",Forecast,$0.00,$0.00,"$108,000.00"
133265,WALTER E. OLSON MEMORIAL LIBRARY,EAGLE RIVER,WI,Library,FY2021-2025,0,"6,814",$4.50,"$30,663.00",Forecast,$0.00,$0.00,"$30,663.00"
132943,DODGEVILLE PUBLIC LIBRARY,DODGEVILLE,WI,Library,FY2021-2025,0,"6,724",$4.50,"$30,258.00",Forecast,$0.00,$0.00,"$30,258.00"
156167,SURING AREA PUBLIC LIBRARY,SURING,WI,Library,FY2021-2025,0,"2,870",$4.50,"$25,000.00",Forecast,$0.00,$0.00,"$25,000.00"
133273,LAND O'LAKES PUBLIC LIBRARY,LAND O LAKES,WI,Library,FY2021-2025,0,"9,180",$4.50,"$41,310.00",Forecast,$0.00,$0.00,"$41,310.00"
158349,KENOSHA COUNTY LIBRARY SYSTEM,KENOSHA,WI,Library,FY2021-2025,0,"94,018",$4.50,"$423,081.00",Forecast,$0.00,$0.00,"$423,081.00"
132731,JACK RUSSELL MEMORIAL LIBRARY,HARTFORD,WI,Library,FY2021-2025,0,"35,500",$4.50,"$159,750.00",Forecast,$0.00,$0.00,"$159,750.00"
132747,JUNEAU PUBLIC LIBRARY,JUNEAU,WI,Library,FY2021-2025,0,"10,900",$4.50,"$49,050.00",Forecast,$0.00,$0.00,"$49,050.00"
133355,G.E. BLESKACEK MEM LIB,BLOOMER,WI,Library,FY2021-2025,0,"4,560",$4.50,"$25,000.00",Forecast,$0.00,$0.00,"$25,000.00"
200988,CLEAR LAKE PUBLIC LIBRARY,CLEAR LAKE,WI,Library,FY2021-2025,0,"4,144",$4.50,"$25,000.00",Forecast,$0.00,$0.00,"$25,000.00"
133323,KENDALL PUBLIC LIBRARY,KENDALL,WI,Library,FY2021-2025,0,"1,386",$4.50,"$25,000.00",Forecast,$0.00,$0.00,"$25,000.00"
16052723,IMOGENE MC GRATH MEMORIAL LIBRARY,LAKE NEBAGAMON,WI,Library,FY2021-2025,0,985,$4.50,"$25,000.00",Forecast,$0.00,$0.00,"$25,000.00"
133473,HANCOCK PUBLIC LIBRARY,HANCOCK,WI,Library,FY2021-2025,0,"1,500",$4.50,"$25,000.00",Forecast,$0.00,$0.00,"$25,000.00"
133074,MONTELLO PUBLIC LIBRARY,MONTELLO,WI,Library,FY2021-2025,0,"3,312",$4.50,"$25,000.00",Forecast,$0.00,$0.00,"$25,000.00"
132927,BLANCHARDVILLE PUBLIC LIBRARY,BLANCHARDVILLE,WI,Library,FY2021-2025,0,"1,500",$4.50,"$25,000.00",Forecast,$0.00,$0.00,"$25,000.00"
132717,CEDARBURG PUBLIC LIBRARY,CEDARBURG,WI,Library,FY2021-2025,0,"10,812",$4.50,"$48,654.00",Forecast,$0.00,$0.00,"$48,654.00"
62762,LA CROSSE PUBLIC LIBRARY NORTH,LA CROSSE,WI,Library,FY2021-2025,0,"6,160",$4.50,"$27,720.00",Forecast,$0.00,$0.00,"$27,720.00"
132781,LAKEVIEW PUBLIC LIBRARY RANDOM LAKE,RANDOM LAKE,WI,Library,FY2021-2025,0,"11,100",$4.50,"$49,950.00",Forecast,$0.00,$0.00,"$49,950.00"
148196,PEPIN PUBLIC LIBRARY,PEPIN,WI,Library,FY2021-2025,0,"3,336",$4.50,"$25,000.00",Forecast,$0.00,$0.00,"$25,000.00"
201002,SPRING VALLEY PUBLIC LIBRARY,SPRING VALLEY,WI,Library,FY2021-2025,0,"2,700",$4.50,"$25,000.00",Forecast,$0.00,$0.00,"$25,000.00"
133064,ELROY PUBLIC LIBRARY,ELROY,WI,Library,FY2021-2025,0,"7,800",$4.50,"$35,100.00",Forecast,$0.00,$0.00,"$35,100.00"
133005,SUN PRAIRIE PUBLIC LIBRARY,SUN PRAIRIE,WI,Library,FY2021-2025,0,"36,000",$4.50,"$162,000.00",Forecast,$0.00,$0.00,"$162,000.00"
132843,MUKWONAGO PUBLIC LIBRARY,MUKWONAGO,WI,Library,FY2021-2025,0,"27,500",$4.50,"$123,750.00",Forecast,$0.00,$0.00,"$123,750.00"
16044126,POTOSI BRANCH LIBRARY,POTOSI,WI,Library,FY2021-2025,0,770,$4.50,"$25,000.00",Forecast,$0.00,$0.00,"$25,000.00"
132711,BROOKFIELD PUBLIC LIBRARY,BROOKFIELD,WI,Library,FY2021-2025,0,"50,000",$4.50,"$225,000.00",Forecast,$0.00,$0.00,"$225,000.00"
133008,VERONA PUBLIC LIBRARY,VERONA,WI,Library,FY2021-2025,0,"33,000",$4.50,"$148,500.00",Forecast,$0.00,$0.00,"$148,500.00"
62640,WHITE LAKE BRANCH LIBRARY,WHITE LAKE,WI,Library,FY2021-2025,0,425,$4.50,"$25,000.00",Forecast,$0.00,$0.00,"$25,000.00"
133012,WAUNAKEE PUBLIC LIBRARY,WAUNAKEE,WI,Library,FY2021-2025,0,"11,972",$4.50,"$53,874.00",Forecast,$0.00,$0.00,"$53,874.00"
156978,LENA PUBLIC LIBRARY,LENA,WI,Library,FY2021-2025,0,"2,160",$4.50,"$25,000.00",Forecast,$0.00,$0.00,"$25,000.00"
133079,OXFORD PUBLIC LIBRARY,OXFORD,WI,Library,FY2021-2025,0,"1,024",$4.50,"$25,000.00",Forecast,$0.00,$0.00,"$25,000.00"
158285,COMMUNITY LIBRARY,SALEM,WI,Library,FY2021-2025,0,"13,500",$4.50,"$60,750.00",Forecast,$0.00,$0.00,"$60,750.00"
133032,CUBA CITY PUBLIC LIBRARY,CUBA CITY,WI,Library,FY2021-2025,0,"2,000",$4.50,"$25,000.00",Forecast,$0.00,$0.00,"$25,000.00"
132857,SOUTH MILWAUKEE PUBLIC LIBRARY,SO MILWAUKEE,WI,Library,FY2021-2025,0,"27,482",$4.50,"$123,669.00",Forecast,$0.00,$0.00,"$123,669.00"
62489,ELCHO BRANCH LIBRARY,ELCHO,WI,Library,FY2021-2025,0,403,$4.50,"$25,000.00",Forecast,$0.00,$0.00,"$25,000.00"
158389,BEN GUTHRIE/LAC DU FLAMBEAU PUBLIC LIBRARY,LAC DU FLAMBEAU,WI,Library,FY2021-2025,0,"3,408",$4.50,"$55,000.00",Forecast,$0.00,$0.00,"$55,000.00"
132713,BUTLER PUBLIC LIBRARY,BUTLER,WI,Library,FY2021-2025,0,"5,900",$4.50,"$26,550.00",Forecast,$0.00,$0.00,"$26,550.00"
16065910,DANE COUNTY LIBRARY SERVICE,MADISON,WI,Library,FY2021-2025,0,204,$4.50,"$25,000.00",Forecast,$0.00,$0.00,"$25,000.00"
133049,PORTAGE PUBLIC LIBRARY,PORTAGE,WI,Library,FY2021-2025,0,"24,500",$4.50,"$110,250.00",Forecast,$0.00,$0.00,"$110,250.00"
133344,BEKKUM MEMORIAL LIBRARY,WESTBY,WI,Library,FY2021-2025,0,"2,525",$4.50,"$25,000.00",Forecast,$0.00,$0.00,"$25,000.00"
132957,L D FARGO PUBLIC LIBRARY,LAKE MILLS,WI,Library,FY2021-2025,0,"11,460",$4.50,"$51,570.00",Forecast,$0.00,$0.00,"$51,570.00"
132740,HORICON FREE PUBLIC LIBRARY,HORICON,WI,Library,FY2021-2025,0,"5,972",$4.50,"$26,874.00",Forecast,$0.00,$0.00,"$26,874.00"
132962,LONE ROCK COMMUNITY LIBRARY,LONE ROCK,WI,Library,FY2021-2025,0,"2,500",$4.50,"$25,000.00",Forecast,$0.00,$0.00,"$25,000.00"
133137,GILLETT PUBLIC LIBRARY,GILLETT,WI,Library,FY2021-2025,0,"3,725",$4.50,"$25,000.00",Forecast,$0.00,$0.00,"$25,000.00"
132757,MAYVILLE PUBLIC LIBRARY,MAYVILLE,WI,Library,FY2021-2025,0,"7,200",$4.50,"$32,400.00",Forecast,$0.00,$0.00,"$32,400.00"
133025,BENTON PUBLIC LIBRARY,BENTON,WI,Library,FY2021-2025,0,"1,400",$4.50,"$25,000.00",Forecast,$0.00,$0.00,"$25,000.00"
149089,HEDBERG PUBLIC LIBRARY,JANESVILLE,WI,Library,FY2021-2025,0,"65,000",$4.50,"$292,500.00",Forecast,$0.00,$0.00,"$292,500.00"
133414,FOREST LODGE LIBRARY,CABLE,WI,Library,FY2021-2025,0,"1,008",$4.50,"$25,000.00",Forecast,$0.00,$0.00,"$25,000.00"
133394,STRUM PUBLIC LIBRARY,STRUM,WI,Library,FY2021-2025,0,"4,700",$4.50,"$25,000.00",Forecast,$0.00,$0.00,"$25,000.00"
133105,ELLSWORTH PUBLIC LIBRARY,ELLSWORTH,WI,Library,FY2021-2025,0,"2,880",$4.50,"$25,000.00",Forecast,$0.00,$0.00,"$25,000.00"
132825,GREENDALE PUBLIC LIBRARY,GREENDALE,WI,Library,FY2021-2025,0,"13,600",$4.50,"$61,200.00",Forecast,$0.00,$0.00,"$61,200.00"
156123,LAKES COUNTRY PUBLIC LIBRARY,LAKEWOOD,WI,Library,FY2021-2025,0,"3,154",$4.50,"$25,000.00",Forecast,$0.00,$0.00,"$25,000.00"
133065,ENDEAVOR PUBLIC LIBRARY,ENDEAVOR,WI,Library,FY2021-2025,0,"1,716",$4.50,"$25,000.00",Forecast,$0.00,$0.00,"$25,000.00"
133303,ALMA PUBLIC LIBRARY,ALMA,WI,Library,FY2021-2025,0,"1,500",$4.50,"$25,000.00",Forecast,$0.00,$0.00,"$25,000.00"
203754,HUSTISFORD PUBLIC LIBRARY,HUSTISFORD,WI,Library,FY2021-2025,0,"6,000",$4.50,"$27,000.00",Forecast,$0.00,$0.00,"$27,000.00"
133358,BOYCEVILLE PUBLIC LIBRARY,BOYCEVILLE,WI,Library,FY2021-2025,0,"3,270",$4.50,"$25,000.00",Forecast,$0.00,$0.00,"$25,000.00"
133044,PRAIRIE DU CHIEN MEM LIBRARY,PR DU CHIEN,WI,Library,FY2021-2025,0,"5,100",$4.50,"$25,000.00",Forecast,$0.00,$0.00,"$25,000.00"
133233,OWEN PUBLIC LIBRARY,OWEN,WI,Library,FY2021-2025,0,"3,000",$4.50,"$25,000.00",Forecast,$0.00,$0.00,"$25,000.00"
132987,ORFORDVILLE PUBLIC LIBRARY,ORFORDVILLE,WI,Library,FY2021-2025,0,"1,152",$4.50,"$25,000.00",Forecast,$0.00,$0.00,"$25,000.00"
133096,KILBOURN PUBLIC LIBRARY,WISC DELLS,WI,Library,FY2021-2025,0,"22,636",$4.50,"$101,862.00",Forecast,$0.00,$0.00,"$101,862.00"
133261,BOULDER JUNCTION PUBLIC LIB,BOULDER JCT,WI,Library,FY2021-2025,0,"3,408",$4.50,"$25,000.00",Forecast,$0.00,$0.00,"$25,000.00"
133068,MILL POND PUBLIC LIBRARY,KINGSTON,WI,Library,FY2021-2025,0,"3,200",$4.50,"$25,000.00",Forecast,$0.00,$0.00,"$25,000.00"
132981,MUSCODA PUBLIC LIBRARY,MUSCODA,WI,Library,FY2021-2025,0,"1,182",$4.50,"$25,000.00",Forecast,$0.00,$0.00,"$25,000.00"
208653,THERESA PUBLIC LIBRARY,THERESA,WI,Library,FY2021-2025,0,"3,000",$4.50,"$25,000.00",Forecast,$0.00,$0.00,"$25,000.00"
203250,JEAN M. THOMSEN,STETSONVILLE,WI,Library,FY2021-2025,0,"3,990",$4.50,"$25,000.00",Forecast,$0.00,$0.00,"$25,000.00"
133203,ANTIGO PUBLIC LIBRARY,ANTIGO,WI,Library,FY2021-2025,0,"18,016",$4.50,"$81,072.00",Forecast,$0.00,$0.00,"$81,072.00"
132724,DELAFIELD PUBLIC LIBRARY,DELAFIELD,WI,Library,FY2021-2025,0,"11,000",$4.50,"$49,500.00",Forecast,$0.00,$0.00,"$49,500.00"
133494,POY SIPPI PUBLIC LIBRARY,POY SIPPI,WI,Library,FY2021-2025,0,"2,800",$4.50,"$25,000.00",Forecast,$0.00,$0.00,"$25,000.00"
133238,RIB LAKE PUBLIC LIBRARY,RIB LAKE,WI,Library,FY2021-2025,0,"5,093",$4.50,"$25,000.00",Forecast,$0.00,$0.00,"$25,000.00"
133259,RHINELANDER DISTRICT LIBRARY,RHINELANDER,WI,Library,FY2021-2025,0,"15,195",$4.50,"$68,377.50",Forecast,$0.00,$0.00,"$68,377.50"
132907,ST FRANCIS PUBLIC LIBRARY,SAINT FRANCIS,WI,Library,FY2021-2025,0,"26,648",$4.50,"$119,916.00",Forecast,$0.00,$0.00,"$119,916.00"
133257,WITHEE PUBLIC LIBRARY,WITHEE,WI,Library,FY2021-2025,0,"3,066",$4.50,"$25,000.00",Forecast,$0.00,$0.00,"$25,000.00"
133410,BAYFIELD CARNEGIE LIBRARY,BAYFIELD,WI,Library,FY2021-2025,0,"4,100",$4.50,"$25,000.00",Forecast,$0.00,$0.00,"$25,000.00"
133287,ELEANOR ELLIS PUBLIC LIBRARY,PHELPS,WI,Library,FY2021-2025,0,"1,600",$4.50,"$25,000.00",Forecast,$0.00,$0.00,"$25,000.00"
16026654,WYOCENA PUBLIC LIBRARY,WYOCENA,WI,Library,FY2021-2025,0,"21,000",$4.50,"$94,500.00",Forecast,$0.00,$0.00,"$94,500.00"
132896,GREENFIELD PUBLIC LIBRARY,GREENFIELD,WI,Library,FY2021-2025,0,"36,000",$4.50,"$162,000.00",Forecast,$0.00,$0.00,"$162,000.00"
132938,DEERFIELD PUBLIC LIBRARY,DEERFIELD,WI,Library,FY2021-2025,0,"3,930",$4.50,"$25,000.00",Forecast,$0.00,$0.00,"$25,000.00"
62203,PESHTIGO BRANCH LIBRARY,PESHTIGO,WI,Library,FY2021-2025,0,"2,400",$4.50,"$25,000.00",Forecast,$0.00,$0.00,"$25,000.00"
133310,BLAIR PRESTON PUBLIC LIBRARY,BLAIR,WI,Library,FY2021-2025,0,"3,500",$4.50,"$25,000.00",Forecast,$0.00,$0.00,"$25,000.00"
133101,BALDWIN PUBLIC LIBRARY,BALDWIN,WI,Library,FY2021-2025,0,"7,345",$4.50,"$33,052.50",Forecast,$0.00,$0.00,"$33,052.50"
133091,ROCK SPRINGS PUBLIC LIBRARY,ROCK SPRINGS,WI,Library,FY2021-2025,0,"1,580",$4.50,"$25,000.00",Forecast,$0.00,$0.00,"$25,000.00"
133328,NECEDAH MEMORIAL LIBRARY,NECEDAH,WI,Library,FY2021-2025,0,"4,800",$4.50,"$25,000.00",Forecast,$0.00,$0.00,"$25,000.00"
156051,COLEMAN-POUND PUBLIC LIBRARY,COLEMAN,WI,Library,FY2021-2025,0,"2,400",$4.50,"$25,000.00",Forecast,$0.00,$0.00,"$25,000.00"
132968,MIDDLETON PUBLIC LIBRARY,MIDDLETON,WI,Library,FY2021-2025,0,"32,000",$4.50,"$144,000.00",Forecast,$0.00,$0.00,"$144,000.00"
133098,WONEWOC PUBLIC LIBRARY,WONEWOC,WI,Library,FY2021-2025,0,"4,805",$4.50,"$25,000.00",Forecast,$0.00,$0.00,"$25,000.00"
133080,PACKWAUKEE PUBLIC LIBRARY,PACKWAUKEE,WI,Library,FY2021-2025,0,"1,000",$4.50,"$25,000.00",Forecast,$0.00,$0.00,"$25,000.00"
132941,DE FOREST PUBLIC LIBRARY,DEFOREST,WI,Library,FY2021-2025,0,"35,000",$4.50,"$157,500.00",Forecast,$0.00,$0.00,"$157,500.00"
133277,LEGION MEMORIAL LIBRARY,MELLEN,WI,Library,FY2021-2025,0,"2,441",$4.50,"$25,000.00",Forecast,$0.00,$0.00,"$25,000.00"
132849,OAK CREEK PUBLIC LIBRARY,OAK CREEK,WI,Library,FY2021-2025,0,"41,847",$4.50,"$188,311.50",Forecast,$0.00,$0.00,"$188,311.50"
133447,WASHBURN PUBLIC LIBRARY,WASHBURN,WI,Library,FY2021-2025,0,"4,845",$4.50,"$25,000.00",Forecast,$0.00,$0.00,"$25,000.00"
132719,CEDAR GROVE PUBLIC LIBRARY,CEDAR GROVE,WI,Library,FY2021-2025,0,"10,997",$4.50,"$49,486.50",Forecast,$0.00,$0.00,"$49,486.50"
133173,KEWAUNEE PUBLIC LIBRARY,KEWAUNEE,WI,Library,FY2021-2025,0,"5,000",$4.50,"$25,000.00",Forecast,$0.00,$0.00,"$25,000.00"
133088,REEDSBURG PUBLIC LIBRARY,REEDSBURG,WI,Library,FY2021-2025,0,"15,400",$4.50,"$69,300.00",Forecast,$0.00,$0.00,"$69,300.00"
207714,NEUSCHAFER COMMUNITY LIBRARY,FREMONT,WI,Library,FY2021-2025,0,"1,480",$4.50,"$25,000.00",Forecast,$0.00,$0.00,"$25,000.00"
132892,NORTH SHORE LIBRARY,MILWAUKEE,WI,Library,FY2021-2025,0,"16,160",$4.50,"$72,720.00",Forecast,$0.00,$0.00,"$72,720.00"
133126,BLACK CREEK VILLAGE LIBRARY,BLACK CREEK,WI,Library,FY2021-2025,0,"5,650",$4.50,"$25,425.00",Forecast,$0.00,$0.00,"$25,425.00"
132795,FRANK L. WEYENBERG LIBRARY,MEQUON,WI,Library,FY2021-2025,0,"33,600",$4.50,"$151,200.00",Forecast,$0.00,$0.00,"$151,200.00"
133160,MUEHL-SEYMOUR PUBLIC LIBRARY,SEYMOUR,WI,Library,FY2021-2025,0,"6,688",$4.50,"$30,096.00",Forecast,$0.00,$0.00,"$30,096.00"
132744,JOHNSON CREEK PUBLIC LIBRARY,JOHNSON CREEK,WI,Library,FY2021-2025,0,"3,276",$4.50,"$25,000.00",Forecast,$0.00,$0.00,"$25,000.00"
178472,MONROE PUBLIC LIBRARY,MONROE,WI,Library,FY2021-2025,0,"22,420",$4.50,"$100,890.00",Forecast,$0.00,$0.00,"$100,890.00"
203758,KARL JUNGINGER MEMORIAL LIBRARY,WATERLOO,WI,Library,FY2021-2025,0,"13,580",$4.50,"$61,110.00",Forecast,$0.00,$0.00,"$61,110.00"
133213,WESTERN TAYLOR CO LIBRARY,GILMAN,WI,Library,FY2021-2025,0,996,$4.50,"$25,000.00",Forecast,$0.00,$0.00,"$25,000.00"
132888,WAUWATOSA PUBLIC LIBRARY,WAUWATOSA,WI,Library,FY2021-2025,0,"52,000",$4.50,"$234,000.00",Forecast,$0.00,$0.00,"$234,000.00"
133141,KAUKAUNA PUBLIC LIBRARY,KAUKAUNA,WI,Library,FY2021-2025,0,"10,500",$4.50,"$47,250.00",Forecast,$0.00,$0.00,"$47,250.00"
133085,HUTCHINSON MEMORIAL LIBRARY,RANDOLPH,WI,Library,FY2021-2025,0,"10,068",$4.50,"$45,306.00",Forecast,$0.00,$0.00,"$45,306.00"
17034242,TED & GRACE BACHHUBER MEMORIAL LIBRARY,MAYVILLE,WI,Library,FY2021-2025,0,"35,000",$4.50,"$157,500.00",Forecast,$0.00,$0.00,"$157,500.00"
156134,OCONTO FALLS COMMUNITY LIBRARY,OCONTO FALLS,WI,Library,FY2021-2025,0,"9,600",$4.50,"$43,200.00",Forecast,$0.00,$0.00,"$43,200.00"
227890,JOAN SALMAN MEMORIAL LIBRARY,SOLON SPRINGS,WI,Library,FY2021-2025,0,474,$4.50,"$25,000.00",Forecast,$0.00,$0.00,"$25,000.00"
132897,BROWN DEER PUBLIC LIBRARY,BROWN DEER,WI,Library,FY2021-2025,0,"15,000",$4.50,"$67,500.00",Forecast,$0.00,$0.00,"$67,500.00"
132749,KEWASKUM PUBLIC LIBRARY,KEWASKUM,WI,Library,FY2021-2025,0,"3,500",$4.50,"$25,000.00",Forecast,$0.00,$0.00,"$25,000.00"
132989,KRAEMER LIBRARY & COMMUNITY CENTER,PLAIN,WI,Library,FY2021-2025,0,"7,500",$4.50,"$33,750.00",Forecast,$0.00,$0.00,"$33,750.00"
132946,EAGER FREE PUBLIC LIBRARY,EVANSVILLE,WI,Library,FY2021-2025,0,"6,785",$4.50,"$30,532.50",Forecast,$0.00,$0.00,"$30,532.50"
62185,NIAGARA BRANCH LIBRARY,NIAGARA,WI,Library,FY2021-2025,0,"1,500",$4.50,"$25,000.00",Forecast,$0.00,$0.00,"$25,000.00"
133318,GAYS MILLS PUBLIC LIBRARY,GAYS MILLS,WI,Library,FY2021-2025,0,"2,292",$4.50,"$25,000.00",Forecast,$0.00,$0.00,"$25,000.00"
133422,GRANTSBURG PUBLIC LIBRARY,GRANTSBURG,WI,Library,FY2021-2025,0,"5,000",$4.50,"$25,000.00",Forecast,$0.00,$0.00,"$25,000.00"
133210,DORCHESTER WEIX MEMORIAL LIB,DORCHESTER,WI,Library,FY2021-2025,0,"4,280",$4.50,"$25,000.00",Forecast,$0.00,$0.00,"$25,000.00"
132807,CUDAHY FAMILY LIBRARY,CUDAHY,WI,Library,FY2021-2025,0,"30,000",$4.50,"$135,000.00",Forecast,$0.00,$0.00,"$135,000.00"
132979,MOUNT HOREB PUBLIC LIBRARY,MOUNT HOREB,WI,Library,FY2021-2025,0,"16,000",$4.50,"$72,000.00",Forecast,$0.00,$0.00,"$72,000.00"
133217,GREENWOOD PUBLIC LIBRARY,GREENWOOD,WI,Library,FY2021-2025,0,"1,500",$4.50,"$25,000.00",Forecast,$0.00,$0.00,"$25,000.00"
133119,RIVER FALLS PUBLIC LIBRARY,RIVER FALLS,WI,Library,FY2021-2025,0,"36,000",$4.50,"$162,000.00",Forecast,$0.00,$0.00,"$162,000.00"
133125,WOODVILLE COMMUNITY LIBRARY,WOODVILLE,WI,Library,FY2021-2025,0,"4,416",$4.50,"$25,000.00",Forecast,$0.00,$0.00,"$25,000.00"
132846,NEW BERLIN PUBLIC LIBRARY,NEW BERLIN,WI,Library,FY2021-2025,0,"55,117",$4.50,"$248,026.50",Forecast,$0.00,$0.00,"$248,026.50"
133279,MERCER PUBLIC LIBRARY,MERCER,WI,Library,FY2021-2025,0,"5,350",$4.50,"$25,000.00",Forecast,$0.00,$0.00,"$25,000.00"
232224,LESTER PUBLIC LIBRARY OF ROME,NEKOOSA,WI,Library,FY2021-2025,0,"2,500",$4.50,"$25,000.00",Forecast,$0.00,$0.00,"$25,000.00"
132844,MUSKEGO PUBLIC LIBRARY,MUSKEGO,WI,Library,FY2021-2025,0,"40,000",$4.50,"$180,000.00",Forecast,$0.00,$0.00,"$180,000.00"
133121,HAZEL MACKIN COMMUNITY LIBRARY,ROBERTS,WI,Library,FY2021-2025,0,"7,260",$4.50,"$32,670.00",Forecast,$0.00,$0.00,"$32,670.00"
147161,CAMERON PUBLIC LIBRARY,CAMERON,WI,Library,FY2021-2025,0,"3,360",$4.50,"$25,000.00",Forecast,$0.00,$0.00,"$25,000.00"
17046475,STOCKBRIDGE MUNSEE COMMUNITY,BOWLER,WI,Library,FY2021-2025,0,"4,560",$4.50,"$25,000.00",Forecast,$0.00,$0.00,"$25,000.00"
133112,HUDSON PUBLIC LIBRARY,HUDSON,WI,Library,FY2021-2025,0,"19,024",$4.50,"$85,608.00",Forecast,$0.00,$0.00,"$85,608.00"
133111,HAMMOND COMMUNITY LIBRARY,HAMMOND,WI,Library,FY2021-2025,0,"2,300",$4.50,"$25,000.00",Forecast,$0.00,$0.00,"$25,000.00"
225318,COMMUNITY LIBRARY- TWIN LAKES,TWIN LAKES,WI,Library,FY2021-2025,0,"6,280",$4.50,"$28,260.00",Forecast,$0.00,$0.00,"$28,260.00"
133319,HILLSBORO PUBLIC LIBRARY,HILLSBORO,WI,Library,FY2021-2025,0,"7,360",$4.50,"$33,120.00",Forecast,$0.00,$0.00,"$33,120.00"
132936,JOHNSON PUBLIC LIBRARY,DARLINGTON,WI,Library,FY2021-2025,0,"8,900",$4.50,"$40,050.00",Forecast,$0.00,$0.00,"$40,050.00"
133348,L E PHILLIPS MEMORIAL LIBRARY,EAU CLAIRE,WI,Library,FY2021-2025,0,"59,700",$4.50,"$268,650.00",Forecast,$0.00,$0.00,"$268,650.00"
132828,FRANKLIN PUBLIC LIBRARY,FRANKLIN,WI,Library,FY2021-2025,0,"40,000",$4.50,"$180,000.00",Forecast,$0.00,$0.00,"$180,000.00"
132817,ELM GROVE PUBLIC LIBRARY,ELM GROVE,WI,Library,FY2021-2025,0,"9,150",$4.50,"$41,175.00",Forecast,$0.00,$0.00,"$41,175.00"
133299,WINDING RIVERS LIBRARY SYSTEM,WEST SALEM,WI,Library,FY2021-2025,0,"3,600",$4.50,"$25,000.00",Forecast,$0.00,$0.00,"$25,000.00"
156017,ONEIDA COMMUNITY LIBRARY,ONEIDA,WI,Library,FY2021-2025,0,"5,195",$4.50,"$55,000.00",Forecast,$0.00,$0.00,"$55,000.00"
133027,HILDEBRAND MEMORIAL LIBRARY,BOSCOBEL,WI,Library,FY2021-2025,0,"4,771",$4.50,"$25,000.00",Forecast,$0.00,$0.00,"$25,000.00"
153915,PHILLIPS PUBLIC LIBRARY,PHILLIPS,WI,Library,FY2021-2025,0,"5,784",$4.50,"$26,028.00",Forecast,$0.00,$0.00,"$26,028.00"
17032677,GERMANTOWN COMMUNITY LIBRARY,GERMANTOWN,WI,Library,FY2021-2025,0,"26,000",$4.50,"$117,000.00",Forecast,$0.00,$0.00,"$117,000.00"
133226,T B SCOTT FREE LIBRARY,MERRILL,WI,Library,FY2021-2025,0,"27,000",$4.50,"$121,500.00",Forecast,$0.00,$0.00,"$121,500.00"
133339,SHIRLEY M. WRIGHT PUBLIC LIBRARY,TREMPEALEAU,WI,Library,FY2021-2025,0,"7,600",$4.50,"$34,200.00",Forecast,$0.00,$0.00,"$34,200.00"
133401,SPOONER MEMORIAL LIBRARY,SPOONER,WI,Library,FY2021-2025,0,"5,500",$4.50,"$25,000.00",Forecast,$0.00,$0.00,"$25,000.00"
132860,GRAHAM PUBLIC LIBRARY,UNION GROVE,WI,Library,FY2021-2025,0,"7,200",$4.50,"$32,400.00",Forecast,$0.00,$0.00,"$32,400.00"
209248,LOWELL PUBLIC LIBRARY,LOWELL,WI,Library,FY2021-2025,0,900,$4.50,"$25,000.00",Forecast,$0.00,$0.00,"$25,000.00"
132966,MAZOMANIE FREE LIBRARY,MAZOMANIE,WI,Library,FY2021-2025,0,"3,000",$4.50,"$25,000.00",Forecast,$0.00,$0.00,"$25,000.00"
133418,DRUMMOND PUBLIC LIBRARY,DRUMMOND,WI,Library,FY2021-2025,0,"2,700",$4.50,"$25,000.00",Forecast,$0.00,$0.00,"$25,000.00"
132929,BRODHEAD MEMORIAL PUBLIC LIBRARY,BRODHEAD,WI,Library,FY2021-2025,0,"15,000",$4.50,"$67,500.00",Forecast,$0.00,$0.00,"$67,500.00"
151854,TAYLOR MEMORIAL LIBRARY,TAYLOR,WI,Library,FY2021-2025,0,"1,887",$4.50,"$25,000.00",Forecast,$0.00,$0.00,"$25,000.00"
133072,MAUSTON PUBLIC LIBRARY,MAUSTON,WI,Library,FY2021-2025,0,"29,976",$4.50,"$134,892.00",Forecast,$0.00,$0.00,"$134,892.00"
132765,TOWN HALL LIBRARY,NORTH LAKE,WI,Library,FY2021-2025,0,"15,000",$4.50,"$67,500.00",Forecast,$0.00,$0.00,"$67,500.00"
209249,REESEVILLE PUBLIC LIBRARY,REESEVILLE,WI,Library,FY2021-2025,0,"1,025",$4.50,"$25,000.00",Forecast,$0.00,$0.00,"$25,000.00"
133335,SPARTA FREE LIBRARY,SPARTA,WI,Library,FY2021-2025,0,"11,468",$4.50,"$51,606.00",Forecast,$0.00,$0.00,"$51,606.00"
133062,COLUMBUS PUBLIC LIBRARY,COLUMBUS,WI,Library,FY2021-2025,0,"6,200",$4.50,"$27,900.00",Forecast,$0.00,$0.00,"$27,900.00"
133225,FRANCES L. SIMEK MEMORIAL LIBRARY,MEDFORD,WI,Library,FY2021-2025,0,"13,000",$4.50,"$58,500.00",Forecast,$0.00,$0.00,"$58,500.00"
154126,OSCAR GRADY LIBRARY,SAUKVILLE,WI,Library,FY2021-2025,0,"11,360",$4.50,"$51,120.00",Forecast,$0.00,$0.00,"$51,120.00"
133331,ONTARIO PUBLIC LIBRARY,ONTARIO,WI,Library,FY2021-2025,0,"7,444",$4.50,"$33,498.00",Forecast,$0.00,$0.00,"$33,498.00"
62746,LA CROSSE PUBLIC LIBRARY SOUTH,LA CROSSE,WI,Library,FY2021-2025,0,"7,200",$4.50,"$32,400.00",Forecast,$0.00,$0.00,"$32,400.00"
132777,PLYMOUTH PUBLIC LIBRARY,PLYMOUTH,WI,Library,FY2021-2025,0,"16,790",$4.50,"$75,555.00",Forecast,$0.00,$0.00,"$75,555.00"
154738,ALICE BAKER PUBLIC LIBRARY,EAGLE,WI,Library,FY2021-2025,0,"4,160",$4.50,"$25,000.00",Forecast,$0.00,$0.00,"$25,000.00"
132889,WEST ALLIS PUBLIC LIBRARY,MILWAUKEE,WI,Library,FY2021-2025,0,"47,000",$4.50,"$211,500.00",Forecast,$0.00,$0.00,"$211,500.00"
133252,WESTBORO PUBLIC LIBRARY,WESTBORO,WI,Library,FY2021-2025,0,"1,825",$4.50,"$25,000.00",Forecast,$0.00,$0.00,"$25,000.00"
146953,ELMWOOD PUBLIC LIBRARY,ELMWOOD,WI,Library,FY2021-2025,0,"3,000",$4.50,"$25,000.00",Forecast,$0.00,$0.00,"$25,000.00"
133316,GALESVILLE PUBLIC LIBRARY,GALESVILLE,WI,Library,FY2021-2025,0,"4,000",$4.50,"$25,000.00",Forecast,$0.00,$0.00,"$25,000.00"
133077,NEW LISBON MEMORIAL LIBRARY,NEW LISBON,WI,Library,FY2021-2025,0,"4,770",$4.50,"$25,000.00",Forecast,$0.00,$0.00,"$25,000.00"
132952,HEDBERG PUBLIC LIBRARY,JANESVILLE,WI,Library,FY2021-2025,0,"65,000",$4.50,"$292,500.00",Forecast,$0.00,$0.00,"$292,500.00"
133146,KIMBERLY PUBLIC LIBRARY,KIMBERLY,WI,Library,FY2021-2025,0,"11,800",$4.50,"$53,100.00",Forecast,$0.00,$0.00,"$53,100.00"
133369,CORNELL PUBLIC LIBRARY,CORNELL,WI,Library,FY2021-2025,0,"3,313",$4.50,"$25,000.00",Forecast,$0.00,$0.00,"$25,000.00"
132774,PEWAUKEE PUBLIC LIBRARY,PEWAUKEE,WI,Library,FY2021-2025,0,"27,600",$4.50,"$124,200.00",Forecast,$0.00,$0.00,"$124,200.00"
133292,PLUM LAKE PUBLIC LIBRARY,SAYNER,WI,Library,FY2021-2025,0,"4,030",$4.50,"$25,000.00",Forecast,$0.00,$0.00,"$25,000.00"
16044127,BRICKL MEMORIAL LIBRARY,DICKEYVILLE,WI,Library,FY2021-2025,0,"1,246",$4.50,"$25,000.00",Forecast,$0.00,$0.00,"$25,000.00"
132773,OOSTBURG PUBLIC LIBRARY,OOSTBURG,WI,Library,FY2021-2025,0,"7,000",$4.50,"$31,500.00",Forecast,$0.00,$0.00,"$31,500.00"
132998,MCCOY PUBLIC LIBRARY,SHULLSBURG,WI,Library,FY2021-2025,0,"3,115",$4.50,"$25,000.00",Forecast,$0.00,$0.00,"$25,000.00"
133200,LETTIE W. JENSEN PUBLIC LIBRARY,AMHERST,WI,Library,FY2021-2025,0,"2,536",$4.50,"$25,000.00",Forecast,$0.00,$0.00,"$25,000.00"
132799,WEST BEND COMMUNITY MEM LIB,WEST BEND,WI,Library,FY2021-2025,0,"62,000",$4.50,"$279,000.00",Forecast,$0.00,$0.00,"$279,000.00"
133168,ALGOMA PUBLIC LIBRARY,ALGOMA,WI,Library,FY2021-2025,0,"5,000",$4.50,"$25,000.00",Forecast,$0.00,$0.00,"$25,000.00"
133291,PRESQUE ISLE PUBLIC LIBRARY,PRESQUE ISLE,WI,Library,FY2021-2025,0,"7,190",$4.50,"$32,355.00",Forecast,$0.00,$0.00,"$32,355.00"
132916,BARNEVELD PUBLIC LIBRARY,BARNEVELD,WI,Library,FY2021-2025,0,"3,200",$4.50,"$25,000.00",Forecast,$0.00,$0.00,"$25,000.00"
132887,SHOREWOOD PUBLIC LIBRARY,SHOREWOOD,WI,Library,FY2021-2025,0,"21,000",$4.50,"$94,500.00",Forecast,$0.00,$0.00,"$94,500.00"
133432,MILLTOWN PUBLIC LIBRARY,MILLTOWN,WI,Library,FY2021-2025,0,"3,120",$4.50,"$25,000.00",Forecast,$0.00,$0.00,"$25,000.00"
133219,LOYAL PUBLIC LIBRARY,LOYAL,WI,Library,FY2021-2025,0,"6,600",$4.50,"$29,700.00",Forecast,$0.00,$0.00,"$29,700.00"
133058,JANE MORGAN MEMORIAL LIBRARY,CAMBRIA,WI,Library,FY2021-2025,0,"1,795",$4.50,"$25,000.00",Forecast,$0.00,$0.00,"$25,000.00"
200991,PLUM CITY PUBLIC LIBRARY,PLUM CITY,WI,Library,FY2021-2025,0,"3,000",$4.50,"$25,000.00",Forecast,$0.00,$0.00,"$25,000.00"
13199401,ETTRICK PUBLIC LIBRARY,ETTRICK,WI,Library,FY2021-2025,0,"2,600",$4.50,"$25,000.00",Forecast,$0.00,$0.00,"$25,000.00"
133430,LUCK PUBLIC LIBRARY,LUCK,WI,Library,FY2021-2025,0,"3,592",$4.50,"$25,000.00",Forecast,$0.00,$0.00,"$25,000.00"
132975,MONROE PUBLIC LIBRARY,MONROE,WI,Library,FY2021-2025,0,"22,420",$4.50,"$100,890.00",Forecast,$0.00,$0.00,"$100,890.00"
133383,MONDOVI PUBLIC LIBRARY,MONDOVI,WI,Library,FY2021-2025,0,"2,555",$4.50,"$25,000.00",Forecast,$0.00,$0.00,"$25,000.00"
133325,LAWTON MEMORIAL LIBRARY,LA FARGE,WI,Library,FY2021-2025,0,"2,200",$4.50,"$25,000.00",Forecast,$0.00,$0.00,"$25,000.00"
133342,MCINTOSH MEMORIAL LIBRARY,VIROQUA,WI,Library,FY2021-2025,0,"7,424",$4.50,"$33,408.00",Forecast,$0.00,$0.00,"$33,408.00"
133402,VAUGHN PUBLIC LIBRARY,ASHLAND,WI,Library,FY2021-2025,0,"15,715",$4.50,"$70,717.50",Forecast,$0.00,$0.00,"$70,717.50"
133118,PRESCOTT PUBLIC LIBRARY,PRESCOTT,WI,Library,FY2021-2025,0,"6,556",$4.50,"$29,502.00",Forecast,$0.00,$0.00,"$29,502.00"
132736,HARTLAND PUBLIC LIBRARY,HARTLAND,WI,Library,FY2021-2025,0,"21,000",$4.50,"$94,500.00",Forecast,$0.00,$0.00,"$94,500.00"
156012,CAMBRIDGE COMMUNITY LIBRARY,CAMBRIDGE,WI,Library,FY2021-2025,0,"2,121",$4.50,"$25,000.00",Forecast,$0.00,$0.00,"$25,000.00"
132893,WHITEFISH BAY LIBRARY,MILWAUKEE,WI,Library,FY2021-2025,0,"24,000",$4.50,"$108,000.00",Forecast,$0.00,$0.00,"$108,000.00"
133124,SOMERSET PUBLIC LIBRARY,SOMERSET,WI,Library,FY2021-2025,0,"3,500",$4.50,"$25,000.00",Forecast,$0.00,$0.00,"$25,000.00"
200987,CENTURIA PUBLIC LIBRARY,CENTURIA,WI,Library,FY2021-2025,0,"1,426",$4.50,"$25,000.00",Forecast,$0.00,$0.00,"$25,000.00"
132914,ARGYLE PUBLIC LIBRARY,ARGYLE,WI,Library,FY2021-2025,0,900,$4.50,"$25,000.00",Forecast,$0.00,$0.00,"$25,000.00"
133443,SUPERIOR PUBLIC LIBRARY,SUPERIOR,WI,Library,FY2021-2025,0,"33,000",$4.50,"$148,500.00",Forecast,$0.00,$0.00,"$148,500.00"
133501,WAUPACA PUBLIC LIBRARY,WAUPACA,WI,Library,FY2021-2025,0,"24,000",$4.50,"$108,000.00",Forecast,$0.00,$0.00,"$108,000.00"
133051,ADAMS COUNTY LIBRARY,ADAMS,WI,Library,FY2021-2025,0,"7,300",$4.50,"$32,850.00",Forecast,$0.00,$0.00,"$32,850.00"
132948,DWIGHT FOSTER PUBLIC LIBRARY,FORT ATKINSON,WI,Library,FY2021-2025,0,"33,270",$4.50,"$149,715.00",Forecast,$0.00,$0.00,"$149,715.00"
133334,SOLDIERS GROVE PUBLIC LIBRARY,SOLDIERS GROVE,WI,Library,FY2021-2025,0,"3,357",$4.50,"$25,000.00",Forecast,$0.00,$0.00,"$25,000.00"
132797,WATERTOWN PUBLIC LIBRARY,WATERTOWN,WI,Library,FY2021-2025,0,"24,665",$4.50,"$110,992.50",Forecast,$0.00,$0.00,"$110,992.50"
133275,EDITH EVANS COMMUNITY LIBRARY,LAONA,WI,Library,FY2021-2025,0,"5,400",$4.50,"$25,000.00",Forecast,$0.00,$0.00,"$25,000.00"
133153,FARNSWORTH PUBLIC LIBRARY,OCONTO,WI,Library,FY2021-2025,0,"11,000",$4.50,"$49,500.00",Forecast,$0.00,$0.00,"$49,500.00"
178520,SPRING GREEN COMMUNITY LIBRARY,SPRING GREEN,WI,Library,FY2021-2025,0,"9,592",$4.50,"$43,164.00",Forecast,$0.00,$0.00,"$43,164.00"
133209,COLBY PUBLIC LIBRARY,COLBY,WI,Library,FY2021-2025,0,"2,400",$4.50,"$25,000.00",Forecast,$0.00,$0.00,"$25,000.00"
208651,THE JEFFERSON PUBLIC LIBRARY,JEFFERSON,WI,Library,FY2021-2025,0,"12,272",$4.50,"$55,224.00",Forecast,$0.00,$0.00,"$55,224.00"
210255,KNUTSON MEMORIAL LIBRARY,COON VALLEY,WI,Library,FY2021-2025,0,"6,213",$4.50,"$27,958.50",Forecast,$0.00,$0.00,"$27,958.50"
154125,ELKHART LAKE PUBLIC LIBRARY,ELKHART LAKE,WI,Library,FY2021-2025,0,"3,699",$4.50,"$25,000.00",Forecast,$0.00,$0.00,"$25,000.00"
132730,USS LIBERTY MEMORIAL LIBRARY,GRAFTON,WI,Library,FY2021-2025,0,"26,650",$4.50,"$119,925.00",Forecast,$0.00,$0.00,"$119,925.00"
133270,HURLEY PUBLIC LIBRARY,HURLEY,WI,Library,FY2021-2025,0,"1,258",$4.50,"$25,000.00",Forecast,$0.00,$0.00,"$25,000.00"
231779,WINCHESTER PUBLIC LIBRARY,WINCHESTER,WI,Library,FY2021-2025,0,"1,220",$4.50,"$25,000.00",Forecast,$0.00,$0.00,"$25,000.00"
186770,PAULINE HAASS PUBLIC LIBRARY,SUSSEX,WI,Library,FY2021-2025,0,"23,418",$4.50,"$105,381.00",Forecast,$0.00,$0.00,"$105,381.00"
13199423,NORWALK PUBLIC LIBRARY,NORWALK,WI,Library,FY2021-2025,0,860,$4.50,"$25,000.00",Forecast,$0.00,$0.00,"$25,000.00"
209368,KOLLER MEMORIAL LIBRARY,MANITOWISH WATERS,WI,Library,FY2021-2025,0,"4,000",$4.50,"$25,000.00",Forecast,$0.00,$0.00,"$25,000.00"
132787,MEAD PUBLIC LIBRARY,SHEBOYGAN,WI,Library,FY2021-2025,0,"88,000",$4.50,"$396,000.00",Forecast,$0.00,$0.00,"$396,000.00"
133493,PLAINFIELD PUBLIC LIBRARY,PLAINFIELD,WI,Library,FY2021-2025,0,"3,500",$4.50,"$25,000.00",Forecast,$0.00,$0.00,"$25,000.00"
132780,W.J. NIEDERKORN PUBLIC LIBRARY,PORT WASHINGTON,WI,Library,FY2021-2025,0,"21,434",$4.50,"$96,453.00",Forecast,$0.00,$0.00,"$96,453.00"
133491,LEON-SAXEVILLE TOWNSHIP LIBRARY,PINE RIVER,WI,Library,FY2021-2025,0,"2,572",$4.50,"$25,000.00",Forecast,$0.00,$0.00,"$25,000.00"
133487,NEW LONDON PUBLIC LIBRARY,NEW LONDON,WI,Library,FY2021-2025,0,"13,392",$4.50,"$60,264.00",Forecast,$0.00,$0.00,"$60,264.00"
133438,SHELL LAKE PUBLIC LIBRARY,SHELL LAKE,WI,Library,FY2021-2025,0,"2,780",$4.50,"$25,000.00",Forecast,$0.00,$0.00,"$25,000.00"
62666,WITTENBERG BRANCH LIBRARY,WITTENBERG,WI,Library,FY2021-2025,0,"1,000",$4.50,"$25,000.00",Forecast,$0.00,$0.00,"$25,000.00"
133026,BLOOMINGTON PUBLIC LIBRARY,BLOOMINGTON,WI,Library,FY2021-2025,0,840,$4.50,"$25,000.00",Forecast,$0.00,$0.00,"$25,000.00"
132712,BROWNSVILLE PUBLIC LIBRARY,BROWNSVILLE,WI,Library,FY2021-2025,0,"3,200",$4.50,"$25,000.00",Forecast,$0.00,$0.00,"$25,000.00"
133505,WEYAUWEGA PUBLIC LIBRARY,WEYAUWEGA,WI,Library,FY2021-2025,0,1,$4.50,"$25,000.00",Forecast,$0.00,$0.00,"$25,000.00"
133052,CARNEGIE-SCHADDE MEMORIAL PUBLIC LIBRARY,BARABOO,WI,Library,FY2021-2025,0,"15,000",$4.50,"$67,500.00",Forecast,$0.00,$0.00,"$67,500.00"
154935,LARSEN FAMILY PUBLIC LIBRARY,WEBSTER,WI,Library,FY2021-2025,0,"5,960",$4.50,"$26,820.00",Forecast,$0.00,$0.00,"$26,820.00"
17029415,BRILLION PUBLIC LIBRARY,BRILLION,WI,Library,FY2021-2025,0,"11,537",$4.50,"$51,916.50",Forecast,$0.00,$0.00,"$51,916.50"
133114,NEW RICHMOND COMMUNITY LIBRARY,NEW RICHMOND,WI,Library,FY2021-2025,0,"30,000",$4.50,"$135,000.00",Forecast,$0.00,$0.00,"$135,000.00"
132935,CROSS PLAINS PUBLIC LIBRARY,CROSS PLAINS,WI,Library,FY2021-2025,0,"16,500",$4.50,"$74,250.00",Forecast,$0.00,$0.00,"$74,250.00"
133188,BROWN COUNTY LIBRARY,GREEN BAY,WI,Library System,FY2021-2025,9,"105,789",$4.50,"$508,226.50",Forecast,$0.00,$0.00,"$508,226.50"
133182,DOOR COUNTY LIBRARY,STURGEON BAY,WI,Library System,FY2021-2025,8,"48,971",$4.50,"$336,003.00",Forecast,$0.00,$0.00,"$336,003.00"
62231,WAUSAUKEE BRANCH LIBRARY,WAUSAUKEE,WI,Library System,FY2021-2025,1,600,$4.50,"$25,000.00",Forecast,$0.00,$0.00,"$25,000.00"
133163,SHAWANO CITY COUNTY LIBRARY,SHAWANO,WI,Library System,FY2021-2025,2,600,$4.50,"$25,000.00",Forecast,$0.00,$0.00,"$25,000.00"
132910,PRAIRIE LAKES LIBRARY SYSTEM,WATERFORD,WI,Library System,FY2021-2025,14,"192,402",$4.50,"$865,809.00",Forecast,$0.00,$0.00,"$865,809.00"
17028605,WINNEFOX LIBRARY SYSTEM,OSHKOSH,WI,Library System,FY2021-2025,16,"109,373",$4.50,"$492,178.50",Forecast,$0.00,$0.00,"$492,178.50"
133458,APPLETON PUBLIC LIBRARY,APPLETON,WI,Library,FY2021-2025,0,"93,910",$4.50,"$422,595.00",Forecast,$0.00,$0.00,"$422,595.00"
17049178,MARATHON COUNTY PUBLIC LIBRARY,WAUSAU,WI,Library System,FY2021-2025,9,"108,866",$4.50,"$573,889.00",Forecast,$0.00,$0.00,"$573,889.00"
157900,KENOSHA PUBLIC LIBRARY,KENOSHA,WI,Library System,FY2026-2030,7,"87,641",$5.43,"$483,949.24",Forecast,$0.00,$0.00,"$483,949.24"
158389,BEN GUTHRIE/LAC DU FLAMBEAU PUBLIC LIBRARY,LAC DU FLAMBEAU,WI,Library,FY2026-2030,0,"3,408",$5.43,"$66,385.00",Forecast,$0.00,$0.00,"$66,385.00"
133217,GREENWOOD PUBLIC LIBRARY,GREENWOOD,WI,Library,FY2026-2030,0,"1,500",$5.43,"$30,175.00",Forecast,$0.00,$0.00,"$30,175.00"
17046475,STOCKBRIDGE MUNSEE COMMUNITY,BOWLER,WI,Library,FY2026-2030,0,"4,560",$5.43,"$30,175.00",Forecast,$0.00,$0.00,"$30,175.00"
145824,LA CROSSE PUBLIC LIBRARY MAIN,LA CROSSE,WI,Library,FY2026-2030,0,"74,500",$5.43,"$404,535.00",Preliminary,$0.00,"$29,485.00","$375,050.00"
132906,MILWAUKEE PUBLIC LIBRARY,MILWAUKEE,WI,Library System,FY2026-2030,13,"654,267",$5.43,"$3,552,669.81",Forecast,$0.00,$0.00,"$3,552,669.81"
133016,MADISON PUBLIC LIBRARY,MADISON,WI,Library System,FY2026-2030,9,"207,164",$5.43,"$1,142,586.52",Forecast,$0.00,$0.00,"$1,142,586.52"
133018,SOUTH CENTRAL LIBRARY SYSTEM,MADISON,WI,Library,FY2026-2030,0,"797,845",$5.43,"$4,332,298.35",Forecast,$0.00,$0.00,"$4,332,298.35"
133244,PORTAGE COUNTY PUBLIC LIBRARY,STEVENS POINT,WI,Library System,FY2026-2030,4,"53,512",$5.43,"$334,875.00",Forecast,$0.00,$0.00,"$334,875.00"
17035827,COMMUNITY LIBRARY,SALEM,WI,Library System,FY2026-2030,2,"20,500",$5.43,"$111,315.00",Forecast,$0.00,$0.00,"$111,315.00"
133182,DOOR COUNTY LIBRARY,STURGEON BAY,WI,Library System,FY2026-2030,8,"48,971",$5.43,"$405,493.62",Forecast,$0.00,$0.00,"$405,493.62"
17028605,WINNEFOX LIBRARY SYSTEM,OSHKOSH,WI,Library System,FY2026-2030,16,"109,373",$5.43,"$593,895.39",Forecast,$0.00,$0.00,"$593,895.39"
133188,BROWN COUNTY LIBRARY,GREEN BAY,WI,Library System,FY2026-2030,9,"105,789",$5.43,"$613,293.31",Forecast,$0.00,$0.00,"$613,293.31"
133458,APPLETON PUBLIC LIBRARY,APPLETON,WI,Library,FY2026-2030,0,"93,910",$5.43,"$509,931.30",Forecast,$0.00,$0.00,"$509,931.30"
132910,PRAIRIE LAKES LIBRARY SYSTEM,WATERFORD,WI,Library System,FY2026-2030,14,"192,402",$5.43,"$1,044,742.86",Forecast,$0.00,$0.00,"$1,044,742.86"
62231,WAUSAUKEE BRANCH LIBRARY,WAUSAUKEE,WI,Library System,FY2026-2030,1,"2,600",$5.43,"$30,175.00",Forecast,$0.00,$0.00,"$30,175.00"
133163,SHAWANO CITY COUNTY LIBRARY,SHAWANO,WI,Library System,FY2026-2030,2,600,$5.43,"$30,175.00",Forecast,$0.00,$0.00,"$30,175.00"
17049178,MARATHON COUNTY PUBLIC LIBRARY,WAUSAU,WI,Library System,FY2026-2030,9,"108,866",$5.43,"$692,551.06",Forecast,$0.00,$0.00,"$692,551.06"